Geo Point;Geo Shape;Street;MotDir;Id_Seg_Ges;Id_Seg_Obs;commune;code_insee;codsti;Nrivoli;Longueur;Type;arrete;date_mes;Annee;pole;SensUnique;DoubleSens_Cyclable;commentaire
43.6061672902,1.44700714393;"{""type"": ""LineString"", ""coordinates"": [[1.447043549053344, 43.60599585712653], [1.446970738803668, 43.60633872320298]]}";PL VICTOR HUGO;HUGO (PL VICTOR HUGO);3328;3328;Toulouse;31555;315553478418;3105558840;39;Aire Pietonne;18/206;2018-12-17T01:00:00+01:00;2018;Centre;oui;oui;
43.6031251641,1.44967057949;"{""type"": ""LineString"", ""coordinates"": [[1.450235312210948, 43.60315039162685], [1.449609132962198, 43.603146423747845], [1.449288877659131, 43.60314391929549], [1.449280502878954, 43.602919621615705]]}";PL OCCITANE;OCCITANE (PL OCCITANE);8743;8743;TOULOUSE;31555;315558348542;3105556350;101;Aire Pietonne;11/109;;2011;Centre;;;
43.6020368223,1.44312470053;"{""type"": ""LineString"", ""coordinates"": [[1.443533602239367, 43.602054143587324], [1.443345982846509, 43.602063077051326], [1.443182116799995, 43.60205138165042], [1.442953437868199, 43.6020202411081], [1.442716909221257, 43.60199282935922]]}";RUE BEDELIERES;BEDELIERES (RUE BEDELIERES);4611;4611;TOULOUSE;31555;315558413725;3105550973;66;Aire Pietonne;11/098;;2011;Centre;;;
43.6099746058,1.43869670415;"{""type"": ""LineString"", ""coordinates"": [[1.438237921962056, 43.60989724153577], [1.438732578057233, 43.60999389243969], [1.439159215191338, 43.610023761747996]]}";RUE DES QUETEURS;QUETEURS (RUE DES QUETEURS);3239;3239;TOULOUSE;31555;315555680009;3105557228;76;Aire Pietonne;07/307;;2007;Centre;oui;oui;
43.601787491,1.44789444448;"{""type"": ""LineString"", ""coordinates"": [[1.448130000031852, 43.60192264641638], [1.447658888935035, 43.601652335549474]]}";PL SAINT GEORGES;GEORGES (PL SAINT GEORGES);4680;4680;TOULOUSE;31555;315556211216;3105557792;48;Aire Pietonne;11/111;;2011;Centre;;;
43.6021470724,1.44800040893;"{""type"": ""LineString"", ""coordinates"": [[1.447870826291798, 43.60237116541308], [1.448129991566843, 43.60192297938959]]}";PL SAINT GEORGES;GEORGES (PL SAINT GEORGES);4681;4681;TOULOUSE;31555;315556211216;3105557792;54;Aire Pietonne;11/111;;2011;Centre;;;
43.6040821113,1.44989315101;"{""type"": ""LineString"", ""coordinates"": [[1.449779543680223, 43.603770311846716], [1.449930013934525, 43.604248283309424], [1.45007841672543, 43.60433744286593]]}";RUE PIERRE BAUDIS;BAUDIS (RUE PIERRE BAUDIS);8502;8502;TOULOUSE;31555;315556166458;3105556854;70;Aire Pietonne;11/112;;2011;Centre;oui;oui;
43.6024974185,1.44598399625;"{""type"": ""LineString"", ""coordinates"": [[1.445637233744555, 43.60251066570052], [1.445828778631475, 43.60249988178971], [1.446030834313173, 43.60248254111884], [1.446188175405139, 43.60249513500458], [1.446329792663813, 43.60251516932679]]}";RUE DU FOURBASTARD;FOURBASTARD (RUE DU FOURBASTARD);4662;4662;TOULOUSE;31555;315552915257;3105553416;56;Aire Pietonne;11/108;;2011;Centre;oui;oui;
43.6021925819,1.44305396415;"{""type"": ""LineString"", ""coordinates"": [[1.44258907875321, 43.60200885073454], [1.4427520669374, 43.60207825827418], [1.443032598984223, 43.6022119863565], [1.443411322558361, 43.60230768677121], [1.44353620943348, 43.6023153010424]]}";RUE DU MAY;MAY (RUE DU MAY);5111;5111;TOULOUSE;31555;315554528018;3105555836;85;Aire Pietonne;11/099;;2011;Centre;;;
43.6029490491,1.44381641604;"{""type"": ""LineString"", ""coordinates"": [[1.443504841131576, 43.60293287231645], [1.444127990944348, 43.60296522593865]]}";RUE BAOUR LORMIAN;LORMIAN (RUE BAOUR LORMIAN);4641;4641;TOULOUSE;31555;315550521637;3105550816;50;Aire Pietonne;11/105;;2011;Centre;;;
43.6027918059,1.44422530376;"{""type"": ""LineString"", ""coordinates"": [[1.444325404879928, 43.60264887561421], [1.444325167309706, 43.60275201237643], [1.444192382004174, 43.60275096340623], [1.444158236194496, 43.60285855005358], [1.444127990944348, 43.60296522593865]]}";IMP BAOUR LORMIAN;LORMIAN (IMP BAOUR LORMIAN);4642;4642;TOULOUSE;31555;315550524810;3105550812;47;Aire Pietonne;11/106;;2011;Centre;;;
43.6068743475,1.4423001617;"{""type"": ""LineString"", ""coordinates"": [[1.442351684005752, 43.606737566998476], [1.442248639399711, 43.60701112804479]]}";RUE DU TAUR;TAUR (RUE DU TAUR);3260;3260;TOULOUSE;31555;315556790415;3105558408;32;Aire Pietonne;13/114;;2013;Centre;oui;oui;modif arrete  en 2011
43.6061920805,1.44252585195;"{""type"": ""LineString"", ""coordinates"": [[1.442619161049971, 43.60582950338027], [1.442432542843583, 43.60655465760355]]}";RUE DU TAUR;TAUR (RUE DU TAUR);3309;3309;TOULOUSE;31555;315556790415;3105558408;82;Aire Pietonne;13/114;;2013;Centre;oui;oui;modif arrete  en 2011
43.6027567247,1.44565246765;"{""type"": ""LineString"", ""coordinates"": [[1.445637259886944, 43.60251061203795], [1.445667675414735, 43.60300283743616]]}";RUE D ALSACE LORRAINE;LORRAINE (RUE D ALSACE LORRAINE);4685;4685;TOULOUSE;31555;315550118429;3105550224;55;Aire Pietonne;13/107;;2010;Centre;oui;oui;
43.6039944413,1.44567501903;"{""type"": ""LineString"", ""coordinates"": [[1.445679082531429, 43.60372199037725], [1.445670955530473, 43.60426689214148]]}";RUE D ALSACE LORRAINE;LORRAINE (RUE D ALSACE LORRAINE);4690;4690;TOULOUSE;31555;315550118429;3105550224;61;Aire Pietonne;13/107;;2007;Centre;oui;oui;modif arrêté de septembre 2007
43.5996633106,1.44420467167;"{""type"": ""LineString"", ""coordinates"": [[1.443911136997098, 43.59961700343381], [1.444498206333191, 43.599709617745795]]}";PL DE LA TRINITE;TRINITE (PL DE LA TRINITE);5668;5668;TOULOUSE;31555;315556960060;3105558576;48;Aire Pietonne;11/095;2011-05-20T02:00:00+02:00;2011;Centre;;;
43.6065212337,1.44196819206;"{""type"": ""LineString"", ""coordinates"": [[1.441643330956622, 43.60621917140241], [1.441779178953975, 43.6063640589636], [1.44189539989044, 43.606515406556525], [1.442134009891755, 43.60666678304116], [1.442351684005752, 43.606737566998476]]}";RUE DE L ESQUILE;ESQUILE (RUE DE L ESQUILE);3261;3261;TOULOUSE;31555;315552636824;3105553080;83;Aire Pietonne;11/118;2011-05-20T02:00:00+02:00;2011;Centre;oui;oui;
43.6553501999,1.39331003623;"{""type"": ""LineString"", ""coordinates"": [[1.393049263682784, 43.65518358756514], [1.393570808770853, 43.65551681224721]]}";CHE DU MOULIN DE NAUDIN;NAUDIN (CHE DU MOULIN DE NAUDIN);20842;2084;BLAGNAC;31069;310690000278;3100690711;56;Aire Pietonne;;;2012;Ouest;;;
43.6038385043,1.44317560373;"{""type"": ""LineString"", ""coordinates"": [[1.443298447917599, 43.603851771834805], [1.443052759537325, 43.60382523679432]]}";PL DU CAPITOLE;CAPITOLE (PL DU CAPITOLE);4907;4907;TOULOUSE;31555;315551420803;3105551676;20;Aire Pietonne;13/106;2013-07-11T02:00:00+02:00;2013;Centre;oui;oui;
43.6032030664,1.44556248081;"{""type"": ""LineString"", ""coordinates"": [[1.445669627554629, 43.60313342475736], [1.445455334071706, 43.60327270810727]]}";RUE DE LA POMME;POMME (RUE DE LA POMME);4688;4688;TOULOUSE;31555;315555468840;3105556988;23;Aire Pietonne;13/108;2013-07-11T02:00:00+02:00;2013;Centre;oui;oui;
43.6034271772,1.4451262349;"{""type"": ""LineString"", ""coordinates"": [[1.445455334071706, 43.60327270810727], [1.444797135737509, 43.60358164635634]]}";RUE DE LA POMME;POMME (RUE DE LA POMME);4689;4689;TOULOUSE;31555;315555468840;3105556988;63;Aire Pietonne;13/108;2013-07-11T02:00:00+02:00;2013;Centre;oui;oui;
43.6059274097,1.44435654712;"{""type"": ""LineString"", ""coordinates"": [[1.444275697430528, 43.60580471799456], [1.444437396801819, 43.60605010134857]]}";RUE DE REMUSAT;REMUSAT (RUE DE REMUSAT);3312;3312;TOULOUSE;31555;315555830453;3105557392;30;Aire Pietonne;13/112;2013-07-11T02:00:00+02:00;2013;Centre;oui;oui;
43.6034663414,1.44649727084;"{""type"": ""LineString"", ""coordinates"": [[1.445677459535496, 43.60348165988913], [1.44731708213555, 43.603451022888514]]}";RUE LT COLONEL PELISSIER;PELISSIER (RUE LT COLONEL PELISSIER);4700;4700;TOULOUSE;31555;315554108843;3105555246;132;Aire Pietonne;13/113;2013-07-11T02:00:00+02:00;2013;Centre;oui;oui;
43.5925723824,1.44403581324;"{""type"": ""LineString"", ""coordinates"": [[1.443547676620636, 43.59240275474536], [1.444523949864772, 43.59274201001415]]}";ALL PAUL FEUGA;FEUGA (ALL PAUL FEUGA);4893;4893;TOULOUSE;31555;315552777627;3105556620;87;Aire Pietonne;13/227;2013-12-27T01:00:00+01:00;2013;Centre;oui;oui;
43.6078262891,1.44169885469;"{""type"": ""LineString"", ""coordinates"": [[1.441465643771347, 43.607834209166484], [1.441636306293583, 43.60781807312761], [1.441932377509154, 43.60783467624368]]}";PL SAINT SERNIN;SERNIN (PL SAINT SERNIN);7682;7682;Toulouse;31555;315556400011;3105557984;38;Aire Pietonne;;;2009;Centre;;;
43.6080908587,1.44125647167;"{""type"": ""LineString"", ""coordinates"": [[1.441047299571534, 43.60834750827947], [1.441465643771347, 43.607834209166484]]}";PRV SAINT JEAN PAUL II;PAUL (PRV SAINT JEAN PAUL II);34120;3412;Toulouse;31555;315559000289;3105558037;66;Aire Pietonne;;;2009;Centre;oui;oui;
43.6096309824,1.43914167461;"{""type"": ""LineString"", ""coordinates"": [[1.439127282446662, 43.60946245777566], [1.439156066775646, 43.60979950695936]]}";RUE ARNAUD BERNARD;BERNARD (RUE ARNAUD BERNARD);3269;3269;Toulouse;31555;315550284850;3105550524;38;Aire Pietonne;17/196;2017-10-27T02:00:00+02:00;2017;Centre;oui;oui;
43.610450363,1.43940646875;"{""type"": ""LineString"", ""coordinates"": [[1.439579430948374, 43.61048218012292], [1.439366199479204, 43.61046062192229], [1.439248954065227, 43.61037738788502]]}";PL ARNAUD BERNARD;BERNARD (PL ARNAUD BERNARD);5299;5299;Toulouse;31555;315550281616;3105550520;31;Aire Pietonne;17/196;2017-10-27T02:00:00+02:00;2017;Centre;oui;oui;
43.6100812125,1.44139667569;"{""type"": ""LineString"", ""coordinates"": [[1.441162022718507, 43.610099226915345], [1.441631328659911, 43.61006319818455]]}";RUE SAINT CHARLES;CHARLES (RUE SAINT CHARLES);3227;3227;Toulouse;31555;315556163224;3105557728;38;Aire Pietonne;17/196;2017-10-27T02:00:00+02:00;2017;Centre;oui;oui;
43.6103512959,1.44169147148;"{""type"": ""LineString"", ""coordinates"": [[1.441631328659911, 43.61006319818455], [1.441751614301788, 43.6106393935177]]}";RUE JEAN RANCY;RANCY (RUE JEAN RANCY);3226;3226;Toulouse;31555;315555721604;3105554644;65;Aire Pietonne;17/196;2017-10-27T02:00:00+02:00;2017;Centre;oui;oui;
43.6106922325,1.439952651;"{""type"": ""LineString"", ""coordinates"": [[1.439847358303441, 43.61041618116766], [1.439943203209396, 43.61062319599406], [1.439964720486191, 43.61066405088535], [1.439997355363484, 43.61083271791474], [1.440017280336742, 43.61098047203765]]}";RUE DE LA VERGE D OR;OR (RUE DE LA VERGE D OR);3231;3231;Toulouse;31555;315557193623;3105558796;65;Aire Pietonne;17/196;2017-10-27T02:00:00+02:00;2017;Centre;oui;oui;
43.60927807,1.44082662759;"{""type"": ""LineString"", ""coordinates"": [[1.441314964523722, 43.608916707590154], [1.440652948173134, 43.60931464038399], [1.440492542276842, 43.60976561830916]]}";RUE GATIEN ARNOULT;ARNOULT (RUE GATIEN ARNOULT);3243;3243;Toulouse;31555;315553113632;3105553780;121;Aire Pietonne;17/196;2017-10-27T02:00:00+02:00;2017;Centre;oui;oui;
43.6093985586,1.4390032387;"{""type"": ""LineString"", ""coordinates"": [[1.438879194963093, 43.60933465947052], [1.439127282446662, 43.60946245777566]]}";PL DES TIERCERETTES;TIERCERETTES (PL DES TIERCERETTES);5400;5400;Toulouse;31555;315556851211;3105558480;25;Aire Pietonne;17/196;2017-10-27T02:00:00+02:00;2017;Centre;;;
43.604078588,1.44496402407;"{""type"": ""LineString"", ""coordinates"": [[1.444248970563861, 43.60393306758904], [1.444596056648926, 43.60396985883077], [1.445670955530473, 43.60426689214148]]}";RUE DU POIDS DE L HUILE;HUILE (RUE DU POIDS DE L HUILE);4625;4625;TOULOUSE;31555;315555456026;3105556972;121;Aire Pietonne;19/129;2019-09-11T02:00:00+02:00;2019;Centre;oui;oui;
43.6088572087,1.44208732631;"{""type"": ""LineString"", ""coordinates"": [[1.441537058482115, 43.608756444483866], [1.441618491545662, 43.608709919900804], [1.441804921639217, 43.60878381247178], [1.441991199353863, 43.60887679663883], [1.442121003018482, 43.60891509545645], [1.442281665342546, 43.60892682093639], [1.442495488717688, 43.608908015327955], [1.442576858099407, 43.60891640347436], [1.442661048451478, 43.60894339238313]]}";PL SAINT SERNIN;SERNIN (PL SAINT SERNIN);3252;3252;TOULOUSE;31555;315556400011;3105557984;99;Aire Pietonne;19/091;2019-06-20T02:00:00+02:00;2019;Centre;oui;oui;
43.6076819931,1.44159822896;"{""type"": ""LineString"", ""coordinates"": [[1.441932288997836, 43.607834260943015], [1.441481565698955, 43.60762937747164], [1.441264823980347, 43.60752830261216]]}";PL SAINT SERNIN;SERNIN (PL SAINT SERNIN);3248;3248;TOULOUSE;31555;315556400011;3105557984;64;Aire Pietonne;19/090;2019-06-20T02:00:00+02:00;2019;Centre;oui;oui;
43.6023711781,1.44354318372;"{""type"": ""LineString"", ""coordinates"": [[1.44353620943348, 43.6023153010424], [1.443550158010346, 43.60242705505893]]}";RUE SAINT ROME;ROME (RUE SAINT ROME);4638;4638;TOULOUSE;31555;315556387207;3105557972;12;Aire Pietonne;11/096;;2011;Centre;oui;oui;
43.6021847223,1.44353490584;"{""type"": ""LineString"", ""coordinates"": [[1.443533602239367, 43.602054143587324], [1.44353620943348, 43.6023153010424]]}";RUE SAINT ROME;ROME (RUE SAINT ROME);4639;4639;TOULOUSE;31555;315556387207;3105557972;29;Aire Pietonne;11/096;;2011;Centre;oui;oui;
43.6019203646,1.44354601306;"{""type"": ""LineString"", ""coordinates"": [[1.443558423885702, 43.60178658567591], [1.443533602239367, 43.602054143587324]]}";RUE SAINT ROME;ROME (RUE SAINT ROME);5115;5115;TOULOUSE;31555;315556387207;3105557972;30;Aire Pietonne;11/096;;2011;Centre;oui;oui;
43.6030566209,1.44893022873;"{""type"": ""LineString"", ""coordinates"": [[1.449280502878954, 43.602919621615705], [1.448824803833732, 43.60292078115653], [1.448818464284089, 43.6034344777831]]}";PL OCCITANE;OCCITANE (PL OCCITANE);8744;8744;TOULOUSE;31555;315558348542;3105556350;94;Aire Pietonne;11/109;;2011;Centre;;;
43.6035113154,1.44336990708;"{""type"": ""LineString"", ""coordinates"": [[1.443441380894132, 43.603171741450886], [1.443298433256941, 43.603850889406914]]}";RUE SAINT ROME;ROME (RUE SAINT ROME);4635;4635;TOULOUSE;31555;315556387207;3105557972;76;Aire Pietonne;11/096;;2011;Centre;oui;oui;
43.6017562027,1.44315757589;"{""type"": ""LineString"", ""coordinates"": [[1.442760611389592, 43.60185597912027], [1.44293864304457, 43.6017911568504], [1.443359115185628, 43.60170743571861], [1.443563485543374, 43.60170904450693]]}";RUE TRIPIERE;TRIPIERE (RUE TRIPIERE);5114;5114;TOULOUSE;31555;315556963233;3105558584;68;Aire Pietonne;11/097;;2011;Centre;;;
43.6016680493,1.44418381622;"{""type"": ""LineString"", ""coordinates"": [[1.444090245819818, 43.60148234507351], [1.444277386610211, 43.601853753547935]]}";RUE DES PUITS CLOS;CLOS (RUE DES PUITS CLOS);4654;4654;TOULOUSE;31555;315555635251;3105557180;44;Aire Pietonne;11/104;;2011;Centre;oui;oui;
43.5994465264,1.44332037722;"{""type"": ""LineString"", ""coordinates"": [[1.442724713368246, 43.59929636671109], [1.442994736188216, 43.599347698977546], [1.443911136997098, 43.59961700343381]]}";RUE DU COQ D INDE;INDE (RUE DU COQ D INDE);4809;4809;TOULOUSE;31555;315551936023;3105552280;102;Aire Pietonne;11/093;;2011;Centre;oui;oui;
43.6005364057,1.44376135951;"{""type"": ""LineString"", ""coordinates"": [[1.443784020366132, 43.600370068135575], [1.443738698656189, 43.600702743347895]]}";RUE DES CHANGES;CHANGES (RUE DES CHANGES);4671;4671;TOULOUSE;31555;315551632033;3105551876;37;Aire Pietonne;11/028;;2011;Centre;oui;oui;modif arrêté en 2010 et 2011
43.601113072,1.44369449903;"{""type"": ""LineString"", ""coordinates"": [[1.443738698656189, 43.600702743347895], [1.443688761084727, 43.601256778391416], [1.443621045819543, 43.60151833040135]]}";RUE DES CHANGES;CHANGES (RUE DES CHANGES);4652;4652;TOULOUSE;31555;315551632033;3105551876;91;Aire Pietonne;11/028;;2011;Centre;oui;oui;modif arrêté en 2010 et 2011
43.6029940237,1.44538918681;"{""type"": ""LineString"", ""coordinates"": [[1.445110698213905, 43.60298520988848], [1.445667675414735, 43.60300283743616]]}";RUE BAOUR LORMIAN;LORMIAN (RUE BAOUR LORMIAN);4684;4684;TOULOUSE;31555;315550521637;3105550816;45;Aire Pietonne;11/105;2011-05-26T02:00:00+02:00;2011;Centre;oui;oui;
43.6631134047,1.39260348231;"{""type"": ""LineString"", ""coordinates"": [[1.391779815040784, 43.6622730540872], [1.391723936587236, 43.66246734740749], [1.392616470803523, 43.66290494462174], [1.393017264974536, 43.66308276990567], [1.392861948449342, 43.66350580725987], [1.392970124463581, 43.66373189798621], [1.39331731626987, 43.66411543527289]]}";CHE DU TIERS ETAT;TIERS-ETAT (CHE DU TIERS ETAT);24476;2447;BEAUZELLE;31056;310560000108;31005;273;Aire Pietonne;;;2012;Ouest;oui;oui;
43.6546616598,1.39203583854;"{""type"": ""LineString"", ""coordinates"": [[1.390980250068945, 43.65428022214343], [1.391250594917901, 43.65428943718878], [1.391463679241361, 43.654341570588755], [1.392127961395636, 43.654689605854784], [1.393049263682784, 43.65518358756514]]}";CHE DU MOULIN DE NAUDIN;NAUDIN (CHE DU MOULIN DE NAUDIN);20786;2078;BLAGNAC;31069;310690000278;3100690711;198;Aire Pietonne;;;2012;Ouest;oui;oui;
43.602833621,1.44600892891;"{""type"": ""LineString"", ""coordinates"": [[1.446329818805597, 43.60251511566406], [1.446140465287979, 43.6027284017107], [1.445669627554629, 43.60313342475736]]}";RUE DE LA POMME;POMME (RUE DE LA POMME);4701;4701;TOULOUSE;31555;315555468840;3105556988;87;Aire Pietonne;13/108;2013-07-11T02:00:00+02:00;2013;Centre;oui;oui;
43.6071182035,1.44545296303;"{""type"": ""LineString"", ""coordinates"": [[1.44524436364868, 43.60729115423596], [1.44527287057193, 43.60721284821285], [1.4456995472913, 43.60697778242309]]}";RUE DU SALE;SALE (RUE DU SALE);3299;3299;TOULOUSE;31555;315556435260;3105558096;52;Aire Pietonne;13/110;2013-07-11T02:00:00+02:00;2013;Centre;oui;oui;
43.6059492649,1.44569014484;"{""type"": ""LineString"", ""coordinates"": [[1.445692920672886, 43.60576289976003], [1.445687368998226, 43.606135630011885]]}";RUE D ALSACE LORRAINE;LORRAINE (RUE D ALSACE LORRAINE);3313;3313;TOULOUSE;31555;315550118429;3105550224;41;Aire Pietonne;13/107;2013-07-11T02:00:00+02:00;2013;Centre;oui;oui;
43.5922058221,1.41766974257;"{""type"": ""LineString"", ""coordinates"": [[1.417857430844415, 43.591515981726275], [1.417617545924491, 43.59255572023515], [1.417340212183764, 43.592813659595016]]}";RUE DU ONZE NOVEMBRE 1918;NOVEMBRE 1918 (RUE DU ONZE NOVEMBRE 1918);7220;7220;TOULOUSE;31555;315558425519;3105556383;154;Aire Pietonne;13/185;2013-10-21T02:00:00+02:00;2013;Centre;oui;oui;
43.5929111702,1.44500575585;"{""type"": ""LineString"", ""coordinates"": [[1.444523949864772, 43.59274201001415], [1.445487561838311, 43.5930803303491]]}";ALL JULES GUESDE;GUESDE (ALL JULES GUESDE);4922;4922;TOULOUSE;31555;315553363223;3105554812;86;Aire Pietonne;13/227;2013-12-27T01:00:00+01:00;2013;Centre;;;
43.5935805285,1.44713397332;"{""type"": ""LineString"", ""coordinates"": [[1.44644063128918, 43.59332908912379], [1.447827315353537, 43.593831967779295]]}";ALL JULES GUESDE;GUESDE (ALL JULES GUESDE);5268;5268;TOULOUSE;31555;315553363223;3105554812;125;Aire Pietonne;13/227;2013-12-27T01:00:00+01:00;2013;Centre;oui;oui;
43.5941843608,1.44884721689;"{""type"": ""LineString"", ""coordinates"": [[1.448456733877705, 43.594049787452605], [1.449237699893296, 43.594318934144894]]}";ALL JULES GUESDE;GUESDE (ALL JULES GUESDE);5260;5260;TOULOUSE;31555;315553363223;3105554812;70;Aire Pietonne;13/227;2013-12-27T01:00:00+01:00;2013;Centre;oui;oui;
43.6028706424,1.44497960904;"{""type"": ""LineString"", ""coordinates"": [[1.444848519866456, 43.60275607493632], [1.445110698213905, 43.60298520988848]]}";PL ROGER SALENGRO;SALENGRO (PL ROGER SALENGRO);4970;4970;TOULOUSE;31555;315556438433;3105557572;33;Aire Pietonne;15/073;2015-06-08T02:00:00+02:00;2015;Centre;;;
43.6097933639,1.43982456843;"{""type"": ""LineString"", ""coordinates"": [[1.439156066775646, 43.60979950695936], [1.439805750679696, 43.609804648965245], [1.440492542276842, 43.60976561830916]]}";RUE GRAMAT;GRAMAT (RUE GRAMAT);3220;3220;Toulouse;31555;315553283216;3105553968;108;Aire Pietonne;17/196;2017-10-27T02:00:00+02:00;2017;Centre;oui;oui;
43.6102076359,1.43918079817;"{""type"": ""LineString"", ""coordinates"": [[1.439159215191338, 43.610023761747996], [1.439165012116914, 43.61024425328975], [1.439248954065227, 43.61037738788502]]}";RUE ARNAUD BERNARD;BERNARD (RUE ARNAUD BERNARD);3238;3238;Toulouse;31555;315550284850;3105550524;41;Aire Pietonne;17/196;2017-10-27T02:00:00+02:00;2017;Centre;oui;oui;
43.6108160786,1.44088304715;"{""type"": ""LineString"", ""coordinates"": [[1.441272249092856, 43.610737790357824], [1.440493845212805, 43.61089436677594]]}";RUE ESCOUSSIERES A BERNARD;BERNARD (RUE ESCOUSSIERES A BERNARD);3228;3228;Toulouse;31555;315552611206;3105553056;65;Aire Pietonne;17/196;2017-10-27T02:00:00+02:00;2017;Centre;oui;oui;
43.6106885919,1.4415119317;"{""type"": ""LineString"", ""coordinates"": [[1.441751614301788, 43.6106393935177], [1.441272249092856, 43.610737790357824]]}";RUE ESCOUSSIERES A BERNARD;BERNARD (RUE ESCOUSSIERES A BERNARD);3225;3225;Toulouse;31555;315552611206;3105553056;40;Aire Pietonne;17/196;2017-10-27T02:00:00+02:00;2017;Centre;oui;oui;
43.6101881939,1.44038854459;"{""type"": ""LineString"", ""coordinates"": [[1.440328290761696, 43.61021184486797], [1.440448798410932, 43.61016454291925]]}";RUE DES TROIS PILIERS;PILIERS (RUE DES TROIS PILIERS);3271;3271;Toulouse;31555;315556982444;3105558612;11;Aire Pietonne;17/196;2017-10-27T02:00:00+02:00;2017;Centre;oui;oui;
43.608836576,1.4414260115;"{""type"": ""LineString"", ""coordinates"": [[1.441537058482115, 43.608756444483866], [1.441314964523722, 43.608916707590154]]}";RUE GATIEN ARNOULT;ARNOULT (RUE GATIEN ARNOULT);5441;5441;Toulouse;31555;315553113632;3105553780;25;Aire Pietonne;17/196;2017-10-27T02:00:00+02:00;2017;Centre;oui;oui;
43.6104369058,1.43977607771;"{""type"": ""LineString"", ""coordinates"": [[1.439704797123288, 43.61045763040824], [1.439847358303441, 43.61041618116766]]}";RUE DES TROIS PILIERS;PILIERS (RUE DES TROIS PILIERS);5309;5309;Toulouse;31555;315556982444;3105558612;12;Aire Pietonne;17/196;2017-10-27T02:00:00+02:00;2017;Centre;oui;oui;
43.6043693464,1.44666739982;"{""type"": ""LineString"", ""coordinates"": [[1.446392251543249, 43.60417984959429], [1.446942548090631, 43.604558843106524]]}";RUE LAPEYROUSE;LAPEYROUSE (RUE LAPEYROUSE);4696;4696;TOULOUSE;31555;315553865649;3105555012;61;Aire Pietonne;19/129;2019-09-11T02:00:00+02:00;2019;Centre;oui;oui;
43.6039261029,1.44408567873;"{""type"": ""LineString"", ""coordinates"": [[1.443922386889348, 43.60391913819435], [1.444248970563861, 43.60393306758904]]}";RUE DE LA POMME;POMME (RUE DE LA POMME);4624;4624;TOULOUSE;31555;315555468840;3105556988;26;Aire Pietonne;19/142;2019-11-07T01:00:00+01:00;2019;Centre;oui;oui;
43.6080212415,1.44098090993;"{""type"": ""LineString"", ""coordinates"": [[1.440825007294674, 43.607730334494384], [1.440887902405497, 43.60788569900534], [1.440995170844331, 43.60794133079214], [1.441037140634952, 43.607972063643906], [1.441046074985125, 43.60816407805696], [1.441047664452994, 43.60834777426801]]}";PL SAINT SERNIN;SERNIN (PL SAINT SERNIN);3254;3254;TOULOUSE;31555;315556400011;3105557984;75;Aire Pietonne;19/091;2019-06-20T02:00:00+02:00;2019;Centre;oui;oui;
43.6067268472,1.44687707113;"{""type"": ""LineString"", ""coordinates"": [[1.446970738803668, 43.60633872320298], [1.446783403459475, 43.60711497125528]]}";PL VICTOR HUGO;HUGO (PL VICTOR HUGO);3327;3327;Toulouse;31555;315553478418;3105558840;88;Aire Pietonne;18/206;2018-12-17T01:00:00+01:00;2018;Centre;oui;oui;
43.6063078998,1.44720165619;"{""type"": ""LineString"", ""coordinates"": [[1.446970738803668, 43.60633872320298], [1.447432573575671, 43.60627707632257]]}";RUE PORTE SARDANE;SARDANE (RUE PORTE SARDANE);3337;3337;Toulouse;31555;315555507252;3105557028;38;Aire Pietonne;18/206;2018-12-17T01:00:00+01:00;2018;Centre;oui;oui;
43.6026794911,1.44352750543;"{""type"": ""LineString"", ""coordinates"": [[1.443550158010346, 43.60242705505893], [1.443504852842072, 43.60293192722695]]}";RUE SAINT ROME;ROME (RUE SAINT ROME);4637;4637;TOULOUSE;31555;315556387207;3105557972;56;Aire Pietonne;11/096;;2011;Centre;oui;oui;
43.6031289858,1.44528300307;"{""type"": ""LineString"", ""coordinates"": [[1.44511067207085, 43.602985263550934], [1.445455334071706, 43.60327270810727]]}";RUE DE LA BARUTTE;BARUTTE (RUE DE LA BARUTTE);4687;4687;TOULOUSE;31555;315550595237;3105550890;42;Aire Pietonne;11/107;;2011;Centre;oui;oui;
43.6027750916,1.45013444251;"{""type"": ""LineString"", ""coordinates"": [[1.450235312210948, 43.60315039162685], [1.450223479027416, 43.6026318151759], [1.449808204862513, 43.60262856026132]]}";PL OCCITANE;OCCITANE (PL OCCITANE);8745;8745;TOULOUSE;31555;315558348542;3105556350;91;Aire Pietonne;11/109;;2011;Centre;;;
43.6030494875,1.44274189854;"{""type"": ""LineString"", ""coordinates"": [[1.442032299414538, 43.603111365302055], [1.44230783779866, 43.60305399775802], [1.442570373078509, 43.60299740861487], [1.442719227969929, 43.60296925623937], [1.442827267409412, 43.60297010857249], [1.44292069298492, 43.60299071316709], [1.443066908155717, 43.6030514770536], [1.443157461171868, 43.603090974713005], [1.443271494625683, 43.603126881502966], [1.443441380894132, 43.603171741450886]]}";RUE DES GESTES;GESTES (RUE DES GESTES);4609;4609;TOULOUSE;31555;315553193639;3105553884;121;Aire Pietonne;11/102;;2011;Centre;;;
43.6025606742,1.44795983585;"{""type"": ""LineString"", ""coordinates"": [[1.447870826291798, 43.60237116541308], [1.44799548002852, 43.60265692622667], [1.448076400800346, 43.60273040956371]]}";RUE PAUL VIDAL;VIDAL (RUE PAUL VIDAL);4756;4756;TOULOUSE;31555;315557222404;3105556660;44;Aire Pietonne;11/001;;2011;Centre;;;
43.6361148728,1.46431061871;"{""type"": ""LineString"", ""coordinates"": [[1.464161182208425, 43.63613453890392], [1.464460055212435, 43.63609520677035]]}";PL SAINT CAPRAIS;CAPRAIS (PL SAINT CAPRAIS);8956;8956;TOULOUSE;31555;315558448607;3105557726;24;Aire Pietonne;02/213;;2002;Nord;;;
43.6023191425,1.44405963127;"{""type"": ""LineString"", ""coordinates"": [[1.443550158010346, 43.60242705505893], [1.443841052745535, 43.602389614843524], [1.444211150340365, 43.60227898854149], [1.444451713722738, 43.60221181875553], [1.444565285242564, 43.602190949230504]]}";RUE JULES CHALANDE;CHALANDE (RUE JULES CHALANDE);4647;4647;TOULOUSE;31555;315551600018;3105554792;86;Aire Pietonne;11/101;;2011;Centre;;;
43.6018796071,1.44455626585;"{""type"": ""LineString"", ""coordinates"": [[1.444277386610211, 43.601853753547935], [1.444835145094691, 43.601905460681614]]}";RUE DU PUITS VERT;VERT (RUE DU PUITS VERT);4655;4655;TOULOUSE;31555;315555644831;3105557188;45;Aire Pietonne;11/100;;2011;Centre;oui;oui;
43.602964593,1.44447613672;"{""type"": ""LineString"", ""coordinates"": [[1.444127990944348, 43.60296522593865], [1.444306497126928, 43.60295622253617], [1.444506875620206, 43.60296442861253], [1.444824397821979, 43.602974498538444]]}";RUE BAOUR LORMIAN;LORMIAN (RUE BAOUR LORMIAN);4643;4643;TOULOUSE;31555;315550521637;3105550816;56;Aire Pietonne;11/105;;2011;Centre;;;
43.6065092501,1.44352678271;"{""type"": ""LineString"", ""coordinates"": [[1.442432542843583, 43.60655465760355], [1.442714682342526, 43.60658148679861], [1.443241943070181, 43.6065856448437], [1.443703760288632, 43.606525894041646], [1.444100876745065, 43.60643914578448], [1.444431376475062, 43.60636605653657], [1.444607870801757, 43.606318252391794]]}";RUE MONTOYOL;MONTOYOL (RUE MONTOYOL);3307;3307;TOULOUSE;31555;315554777619;3105556084;180;Aire Pietonne;11/115;;2011;Centre;oui;oui;
43.6001511484,1.44379770884;"{""type"": ""LineString"", ""coordinates"": [[1.443811397323016, 43.599932228734744], [1.443784020366132, 43.600370068135575]]}";RUE DES CHANGES;CHANGES (RUE DES CHANGES);4831;4831;TOULOUSE;31555;315551632033;3105551876;49;Aire Pietonne;11/028;;2011;Centre;oui;oui;
43.6052267988,1.4427390998;"{""type"": ""LineString"", ""coordinates"": [[1.44282683057064, 43.60482918744366], [1.442751621818227, 43.605156904054056], [1.442656082670393, 43.60562543147756]]}";RUE DU TAUR;TAUR (RUE DU TAUR);4620;4620;TOULOUSE;31555;315556790415;3105558408;90;Aire Pietonne;13/114;;2013;Centre;oui;oui;modif arrete  en 2011
43.6036018251,1.44567827103;"{""type"": ""LineString"", ""coordinates"": [[1.445677459535496, 43.60348165988913], [1.445679082531429, 43.60372199037725]]}";RUE D ALSACE LORRAINE;LORRAINE (RUE D ALSACE LORRAINE);4691;4691;TOULOUSE;31555;315550118429;3105550224;27;Aire Pietonne;13/107;;2010;Centre;oui;oui;
43.6021492896,1.44456853943;"{""type"": ""LineString"", ""coordinates"": [[1.444565311385758, 43.60219089556818], [1.44457176747025, 43.60210768365916]]}";PL DES PUITS CLOS;CLOS (PL DES PUITS CLOS);8106;8106;TOULOUSE;31555;315555638424;3105557176;9;Aire Pietonne;11/103;2011-05-20T02:00:00+02:00;2011;Centre;;;
43.5982144783,1.43443443228;"{""type"": ""LineString"", ""coordinates"": [[1.434057037585079, 43.59842056699557], [1.434811826984894, 43.59800838966811]]}";PL OLIVIER;OLIVIER (PL OLIVIER);2738;2738;TOULOUSE;31555;315555033617;3105556372;76;Aire Pietonne;11/091;2011-05-20T02:00:00+02:00;2011;Centre;;;
43.5997746652,1.44386124113;"{""type"": ""LineString"", ""coordinates"": [[1.443911110854428, 43.599617057096054], [1.44381137140954, 43.59993227339768]]}";RUE DES FILATIERS;FILATIERS (RUE DES FILATIERS);4828;4828;TOULOUSE;31555;315552800001;3105553300;36;Aire Pietonne;11/114;2011-05-26T02:00:00+02:00;2011;Centre;oui;oui;
43.6014622908,1.44455299137;"{""type"": ""LineString"", ""coordinates"": [[1.444090271963129, 43.60148229141127], [1.444354891818719, 43.60146071851895], [1.445016333316089, 43.60145646619537]]}";RUE PEYRAS;PEYRAS (RUE PEYRAS);4657;4657;TOULOUSE;31555;315555353645;3105556804;75;Aire Pietonne;11/168;2011-07-11T02:00:00+02:00;2011;Centre;oui;oui;
43.6569552833,1.39608022985;"{""type"": ""LineString"", ""coordinates"": [[1.395261742087326, 43.65643479927802], [1.395777809061426, 43.65676360746237], [1.396488806526806, 43.657210416153], [1.396893693482742, 43.65748342144356]]}";CHE DU MOULIN DE NAUDIN;NAUDIN (CHE DU MOULIN DE NAUDIN);12265;1226;BLAGNAC;31069;310690000278;3100690711;176;Aire Pietonne;;;2012;Ouest;;;
43.5982665766,1.4347395861;"{""type"": ""LineString"", ""coordinates"": [[1.434811826984894, 43.59800838966811], [1.434667345206573, 43.5985247634406]]}";PL OLIVIER;OLIVIER (PL OLIVIER);2739;2739;TOULOUSE;31555;315555033617;3105556372;59;Aire Pietonne;11/091;2011-05-25T02:00:00+02:00;2011;Centre;;;
43.6043272121,1.44293979505;"{""type"": ""LineString"", ""coordinates"": [[1.443052759537325, 43.60382523679432], [1.44282683057064, 43.60482918744366]]}";PL DU CAPITOLE;CAPITOLE (PL DU CAPITOLE);4615;4615;TOULOUSE;31555;315551420803;3105551676;113;Aire Pietonne;13/106;2013-07-11T02:00:00+02:00;2013;Centre;oui;oui;
43.6049243201,1.44469311703;"{""type"": ""LineString"", ""coordinates"": [[1.443707750343377, 43.604951563739405], [1.445678483723382, 43.604897076451394]]}";RUE LAFAYETTE;LAFAYETTE (RUE LAFAYETTE);4622;4622;TOULOUSE;31555;315553766431;3105554920;159;Aire Pietonne;13/109;2013-07-11T02:00:00+02:00;2013;Centre;oui;oui;
43.6048912775,1.44602425071;"{""type"": ""LineString"", ""coordinates"": [[1.445678483723382, 43.604897076451394], [1.44637001770124, 43.60488547850208]]}";RUE LAFAYETTE;LAFAYETTE (RUE LAFAYETTE);4707;4707;TOULOUSE;31555;315553766431;3105554920;56;Aire Pietonne;13/109;2013-07-11T02:00:00+02:00;2013;Centre;oui;oui;
43.6068003548,1.44601640257;"{""type"": ""LineString"", ""coordinates"": [[1.4456995472913, 43.60697778242309], [1.446210357514593, 43.6066875543643], [1.446341270449547, 43.606640332214546]]}";RUE DU SALE;SALE (RUE DU SALE);3321;3321;TOULOUSE;31555;315556435260;3105558096;64;Aire Pietonne;13/110;2013-07-11T02:00:00+02:00;2013;Centre;oui;oui;
43.6065567062,1.44569345814;"{""type"": ""LineString"", ""coordinates"": [[1.445687368998226, 43.606135630011885], [1.4456995472913, 43.60697778242309]]}";RUE D ALSACE LORRAINE;LORRAINE (RUE D ALSACE LORRAINE);3301;3301;TOULOUSE;31555;315550118429;3105550224;94;Aire Pietonne;13/107;2013-07-11T02:00:00+02:00;2013;Centre;oui;oui;
43.6078792239,1.44597256149;"{""type"": ""LineString"", ""coordinates"": [[1.445687178134708, 43.60772039880128], [1.4462579448375, 43.60803804898633]]}";RUE DE BAYARD;BAYARD (RUE DE BAYARD);5464;5464;TOULOUSE;31555;315550640056;3105550920;58;Aire Pietonne;13/111;2013-07-11T02:00:00+02:00;2013;Centre;oui;oui;
43.5981975811,1.44420642842;"{""type"": ""LineString"", ""coordinates"": [[1.444264160359553, 43.59794609118989], [1.444202422955084, 43.59815753602864], [1.444170665317569, 43.598453421477764]]}";RUE DES FILATIERS;FILATIERS (RUE DES FILATIERS);4817;4817;TOULOUSE;31555;315552800001;3105553300;57;Aire Pietonne;11/114;;2011;Centre;oui;oui;
43.60395092,1.44603566704;"{""type"": ""LineString"", ""coordinates"": [[1.445679082531429, 43.60372199037725], [1.446392251543249, 43.60417984959429]]}";RUE LAPEYROUSE;LAPEYROUSE (RUE LAPEYROUSE);4694;4694;TOULOUSE;31555;315553865649;3105555012;77;Aire Pietonne;13/115;2013-07-11T02:00:00+02:00;2013;Centre;oui;oui;
43.6020076676,1.44443619916;"{""type"": ""LineString"", ""coordinates"": [[1.444277425137114, 43.60185370005234], [1.444357441682377, 43.60189974374076], [1.444453431838743, 43.602011197394276], [1.444565311385758, 43.60219089556818]]}";RUE DES PUITS CLOS;CLOS (RUE DES PUITS CLOS);4648;4648;TOULOUSE;31555;315555635251;3105557180;45;Aire Pietonne;11/104;;2011;Centre;;;
43.6040605172,1.43694298342;"{""type"": ""LineString"", ""coordinates"": [[1.435864351351921, 43.60366704670343], [1.436194343465536, 43.6038872892177], [1.436375776109968, 43.60394265950072], [1.438070205681513, 43.604339300611045]]}";RUE PARGAMINIERES;PARGAMINIERES (RUE PARGAMINIERES);3129;3129;TOULOUSE;31555;315555187224;3105556540;195;Aire Pietonne;15/93;2015-07-10T02:00:00+02:00;2015;Centre;oui;oui;
43.6423957877,1.44416528862;"{""type"": ""LineString"", ""coordinates"": [[1.444476432548712, 43.641981529366724], [1.444046231963171, 43.64199990506208], [1.444039660214596, 43.64243980034661], [1.444070817948178, 43.64279578925661], [1.444500716422705, 43.642798231474245]]}";RUE DES CERISIERS;CERISIERS (RUE DES CERISIERS);1070;1070;TOULOUSE;31555;315551574410;3105551828;158;Aire Pietonne;16/111;2016-09-13T02:00:00+02:00;2016;Nord;;;
43.6088325991,1.44170764096;"{""type"": ""LineString"", ""coordinates"": [[1.441537058482115, 43.608756444483866], [1.441878223436479, 43.60890875366988]]}";PL SAINT SERNIN;SERNIN (PL SAINT SERNIN);3253;3253;Toulouse;31555;315556400011;3105557984;32;Aire Pietonne;;;2009;Centre;;;
43.6109374194,1.44025556277;"{""type"": ""LineString"", ""coordinates"": [[1.440493845212805, 43.61089436677594], [1.440017280336742, 43.61098047203765]]}";RUE ESCOUSSIERES A BERNARD;BERNARD (RUE ESCOUSSIERES A BERNARD);3232;3232;Toulouse;31555;315552611206;3105553056;40;Aire Pietonne;17/196;2017-10-27T02:00:00+02:00;2017;Centre;oui;oui;
43.6094625973,1.44268621803;"{""type"": ""LineString"", ""coordinates"": [[1.442661067940357, 43.6089435996994], [1.442814186636995, 43.609243729656754], [1.442549415533553, 43.60988310958806], [1.442573769016067, 43.60999494958144]]}";RUE MERLY;MERLY (RUE MERLY);3242;3242;Toulouse;31555;315554595221;3105555896;122;Aire Pietonne;17/196;2017-10-27T02:00:00+02:00;2017;Centre;oui;oui;
43.6104185086,1.44121713591;"{""type"": ""LineString"", ""coordinates"": [[1.441162022718507, 43.610099226915345], [1.441272249092856, 43.610737790357824]]}";RUE PETRARQUE;PETRARQUE (RUE PETRARQUE);3223;3223;Toulouse;31555;315555347238;3105556796;72;Aire Pietonne;17/196;2017-10-27T02:00:00+02:00;2017;Centre;oui;oui;
43.6093182578,1.43913791432;"{""type"": ""LineString"", ""coordinates"": [[1.439148546187432, 43.60917405777362], [1.439127282446662, 43.60946245777566]]}";RUE DE LA CHAINE;CHAINE (RUE DE LA CHAINE);7143;7143;Toulouse;31555;315551593621;3105551844;32;Aire Pietonne;17/196;2017-10-27T02:00:00+02:00;2017;Centre;oui;oui;
43.6076972091,1.44198805048;"{""type"": ""LineString"", ""coordinates"": [[1.442043811962793, 43.607560157315234], [1.441932288997836, 43.607834260943015]]}";RUE DU TAUR;TAUR (RUE DU TAUR);3247;3247;TOULOUSE;31555;315556790415;3105558408;32;Aire Pietonne;19/091;2019-06-20T02:00:00+02:00;2019;Centre;oui;oui;
43.6017478151,1.44356095471;"{""type"": ""LineString"", ""coordinates"": [[1.443558423885702, 43.60178658567591], [1.443563485543374, 43.60170904450693]]}";RUE SAINT ROME;ROME (RUE SAINT ROME);4640;4640;TOULOUSE;31555;315556387207;3105557972;9;Aire Pietonne;11/096;;2011;Centre;oui;oui;
43.6016137143,1.44359225261;"{""type"": ""LineString"", ""coordinates"": [[1.443621019675804, 43.601518384063475], [1.443563485543374, 43.60170904450693]]}";RUE SAINT ROME;ROME (RUE SAINT ROME);4651;4651;TOULOUSE;31555;315556387207;3105557972;22;Aire Pietonne;11/096;;2011;Centre;oui;oui;
43.6034062582,1.44963369106;"{""type"": ""LineString"", ""coordinates"": [[1.448818464284089, 43.6034344777831], [1.449862704357453, 43.603430355461896], [1.450200137837165, 43.60341502992887], [1.450242284756391, 43.60338224133877], [1.450235312210948, 43.60315039162685]]}";PL OCCITANE;OCCITANE (PL OCCITANE);5585;5585;TOULOUSE;31555;315558348542;3105556350;142;Aire Pietonne;11/109;;2011;Centre;;;
43.6020626689,1.44855958955;"{""type"": ""LineString"", ""coordinates"": [[1.448131357455081, 43.60192333981686], [1.448987821645866, 43.60220199790911]]}";RUE ALEXANDRE FOURTANIER;FOURTANIER (RUE ALEXANDRE FOURTANIER);4751;4751;TOULOUSE;31555;315552934407;3105550156;76;Aire Pietonne;11/110;;2011;Centre;;;
43.6019207943,1.44272795597;"{""type"": ""LineString"", ""coordinates"": [[1.442760611389592, 43.60185597912027], [1.442718070008832, 43.60191430842059], [1.442716909221257, 43.60199282935922]]}";VA VA008105;(VA VA008105);8105;8105;TOULOUSE;31555;31555A008105;31055;16;Aire Pietonne;11/097;;2011;Centre;oui;oui;
43.6066461123,1.44239211342;"{""type"": ""LineString"", ""coordinates"": [[1.442432542843583, 43.60655465760355], [1.442351684005752, 43.606737566998476]]}";RUE DU TAUR;TAUR (RUE DU TAUR);3262;3262;TOULOUSE;31555;315556790415;3105558408;21;Aire Pietonne;13/114;;2013;Centre;oui;oui;modif arrete  en 2011
43.6057274674,1.44263762186;"{""type"": ""LineString"", ""coordinates"": [[1.442656082670393, 43.60562543147756], [1.442619161049971, 43.60582950338027]]}";RUE DU TAUR;TAUR (RUE DU TAUR);4619;4619;TOULOUSE;31555;315556790415;3105558408;23;Aire Pietonne;13/114;;2013;Centre;oui;oui;modif arrete  en 2011
43.6045819843,1.44567471963;"{""type"": ""LineString"", ""coordinates"": [[1.445670955530473, 43.60426689214148], [1.445678483723382, 43.604897076451394]]}";RUE D ALSACE LORRAINE;LORRAINE (RUE D ALSACE LORRAINE);4626;4626;TOULOUSE;31555;315550118429;3105550224;70;Aire Pietonne;13/107;;2007;Centre;oui;oui;modif arrêté de septembre 2007
43.6009595333,1.44564996655;"{""type"": ""LineString"", ""coordinates"": [[1.445654565081205, 43.600476573723846], [1.445645368015829, 43.60144249288033]]}";RUE D ALSACE LORRAINE;LORRAINE (RUE D ALSACE LORRAINE);4664;4664;TOULOUSE;31555;315550118429;3105550224;107;Aire Pietonne;13/107;;2010;Centre;oui;oui;
43.6030681311,1.44566865148;"{""type"": ""LineString"", ""coordinates"": [[1.445667675414735, 43.60300283743616], [1.445669627554629, 43.60313342475736]]}";RUE D ALSACE LORRAINE;LORRAINE (RUE D ALSACE LORRAINE);4686;4686;TOULOUSE;31555;315550118429;3105550224;15;Aire Pietonne;13/107;;2010;Centre;oui;oui;
43.6033075423,1.44567354355;"{""type"": ""LineString"", ""coordinates"": [[1.445669627554629, 43.60313342475736], [1.445677459535496, 43.60348165988913]]}";RUE D ALSACE LORRAINE;LORRAINE (RUE D ALSACE LORRAINE);4692;4692;TOULOUSE;31555;315550118429;3105550224;39;Aire Pietonne;13/107;;2010;Centre;oui;oui;
43.5998209232,1.44415480183;"{""type"": ""LineString"", ""coordinates"": [[1.443811397323016, 43.599932228734744], [1.444498206333191, 43.599709617745795]]}";PL DE LA TRINITE;TRINITE (PL DE LA TRINITE);5667;5667;TOULOUSE;31555;315556960060;3105558576;61;Aire Pietonne;11/095;2011-05-20T02:00:00+02:00;2011;Centre;oui;oui;
43.5977988661,1.43487682998;"{""type"": ""LineString"", ""coordinates"": [[1.434941832965184, 43.597589342512805], [1.434811826984894, 43.59800838966811]]}";RUE DU CHAIREDON;CHAIREDON (RUE DU CHAIREDON);2742;2742;TOULOUSE;31555;315551596855;3105551848;48;Aire Pietonne;11/091;2011-05-20T02:00:00+02:00;2011;Centre;;;
43.6024605491,1.44522659179;"{""type"": ""LineString"", ""coordinates"": [[1.444815923697223, 43.602410486189534], [1.445637259886944, 43.60251061203795]]}";RUE DU FOURBASTARD;FOURBASTARD (RUE DU FOURBASTARD);4660;4660;TOULOUSE;31555;315552915257;3105553416;67;Aire Pietonne;11/108;2011-05-26T02:00:00+02:00;2011;Centre;oui;oui;
43.5985905386,1.44416145405;"{""type"": ""LineString"", ""coordinates"": [[1.444170665317569, 43.598453421477764], [1.444152242788707, 43.59872765565578]]}";RUE DES FILATIERS;FILATIERS (RUE DES FILATIERS);4826;4826;TOULOUSE;31555;315552800001;3105553300;31;Aire Pietonne;11/114;2011-05-26T02:00:00+02:00;2011;Centre;oui;oui;
43.6048825708,1.44326879157;"{""type"": ""LineString"", ""coordinates"": [[1.44282683057064, 43.60482918744366], [1.443584561935475, 43.60491842394067], [1.443707750343377, 43.604951563739405]]}";PL DU CAPITOLE;CAPITOLE (PL DU CAPITOLE);4897;4897;TOULOUSE;31555;315551420803;3105551676;72;Aire Pietonne;13/106;2013-07-11T02:00:00+02:00;2013;Centre;oui;oui;
43.6022713953,1.44661922736;"{""type"": ""LineString"", ""coordinates"": [[1.446908635921552, 43.60202767495802], [1.446329818805597, 43.60251511566406]]}";RUE DE LA POMME;POMME (RUE DE LA POMME);4675;4675;TOULOUSE;31555;315555468840;3105556988;71;Aire Pietonne;13/108;2013-07-11T02:00:00+02:00;2013;Centre;oui;oui;
43.6073490906,1.44569336271;"{""type"": ""LineString"", ""coordinates"": [[1.4456995472913, 43.60697778242309], [1.445687178134708, 43.60772039880128]]}";RUE D ALSACE LORRAINE;LORRAINE (RUE D ALSACE LORRAINE);3315;3315;TOULOUSE;31555;315550118429;3105550224;83;Aire Pietonne;13/107;2013-07-11T02:00:00+02:00;2013;Centre;oui;oui;
43.6053299881,1.4456857022;"{""type"": ""LineString"", ""coordinates"": [[1.445678483723382, 43.604897076451394], [1.445692920672886, 43.60576289976003]]}";RUE D ALSACE LORRAINE;LORRAINE (RUE D ALSACE LORRAINE);4623;4623;TOULOUSE;31555;315550118429;3105550224;96;Aire Pietonne;13/107;2013-07-11T02:00:00+02:00;2013;Centre;oui;oui;
43.605722862,1.44227087634;"{""type"": ""LineString"", ""coordinates"": [[1.442656082670393, 43.60562543147756], [1.442337847321507, 43.60566170826686], [1.442229352092028, 43.605690179047684], [1.44217392029243, 43.60573989019716], [1.442045002475847, 43.60582780715629], [1.441917515500527, 43.605907218036535]]}";RUE DES PENITENTS GRIS;GRIS (RUE DES PENITENTS GRIS);4618;4618;TOULOUSE;31555;315555280035;3105556724;70;Aire Pietonne;13/116;2013-07-11T02:00:00+02:00;2013;Centre;oui;oui;
43.6101318849,1.44080541056;"{""type"": ""LineString"", ""coordinates"": [[1.440448798410932, 43.61016454291925], [1.441162022718507, 43.610099226915345]]}";RUE SAINT CHARLES;CHARLES (RUE SAINT CHARLES);3222;3222;Toulouse;31555;315556163224;3105557728;58;Aire Pietonne;17/196;2017-10-27T02:00:00+02:00;2017;Centre;oui;oui;
43.6083638471,1.43958484108;"{""type"": ""LineString"", ""coordinates"": [[1.439958456455888, 43.60752379675238], [1.43979619845604, 43.60792556020064], [1.439692616424342, 43.60823318565355], [1.439148546187432, 43.60917405777362]]}";RUE DE LA CHAINE;CHAINE (RUE DE LA CHAINE);3268;3268;Toulouse;31555;315551593621;3105551844;195;Aire Pietonne;17/196;2017-10-27T02:00:00+02:00;2017;Centre;oui;oui;
43.6089859662,1.44162118535;"{""type"": ""LineString"", ""coordinates"": [[1.441314964523722, 43.608916707590154], [1.44162002913463, 43.60901605614709], [1.441721808780339, 43.60903686418623], [1.441793369628338, 43.609036856521605], [1.441826066740776, 43.609013008933225], [1.441844844102472, 43.60895884289456], [1.441878223436479, 43.60890875366988]]}";RUE DES CUVES SAINT SERNIN;SERNIN (RUE DES CUVES SAINT SERNIN);3255;3255;Toulouse;31555;315552096037;3105552436;57;Aire Pietonne;17/196;2017-10-27T02:00:00+02:00;2017;Centre;oui;oui;
43.610314013,1.44008782453;"{""type"": ""LineString"", ""coordinates"": [[1.439847358303441, 43.61041618116766], [1.440328290761696, 43.61021184486797]]}";RUE DES TROIS PILIERS;PILIERS (RUE DES TROIS PILIERS);3230;3230;Toulouse;31555;315556982444;3105558612;45;Aire Pietonne;17/196;2017-10-27T02:00:00+02:00;2017;Centre;oui;oui;
43.6108001301,1.44179802956;"{""type"": ""LineString"", ""coordinates"": [[1.441844444817153, 43.61096086668221], [1.441751614301788, 43.6106393935177]]}";RUE JEAN RANCY;RANCY (RUE JEAN RANCY);5440;5440;Toulouse;31555;315555721604;3105554644;37;Aire Pietonne;17/196;2017-10-27T02:00:00+02:00;2017;Centre;oui;oui;
43.6104699053,1.43964211404;"{""type"": ""LineString"", ""coordinates"": [[1.439704797123288, 43.61045763040824], [1.439579430948374, 43.61048218012292]]}";PL ARNAUD BERNARD;BERNARD (PL ARNAUD BERNARD);8341;8341;Toulouse;31555;315550281616;3105550520;10;Aire Pietonne;17/196;2017-10-27T02:00:00+02:00;2017;Centre;oui;oui;
43.6064201899,1.44637381934;"{""type"": ""LineString"", ""coordinates"": [[1.446406394140745, 43.60620000293495], [1.446341244535074, 43.60664037687793]]}";PL VICTOR HUGO;HUGO (PL VICTOR HUGO);3322;3322;TOULOUSE;31555;315553478418;3105558840;49;Aire Pietonne;19/111;2019-07-15T02:00:00+02:00;2019;Centre;oui;oui;
43.6068507134,1.44631857715;"{""type"": ""LineString"", ""coordinates"": [[1.446341244535074, 43.60664037687793], [1.446295909764821, 43.6070610498697]]}";PL VICTOR HUGO;HUGO (PL VICTOR HUGO);3320;3320;TOULOUSE;31555;315553478418;3105558840;47;Aire Pietonne;19/111;2019-07-15T02:00:00+02:00;2019;Centre;oui;oui;
43.6085630367,1.44128183706;"{""type"": ""LineString"", ""coordinates"": [[1.441047664452994, 43.60834777426801], [1.441140944251175, 43.60846509934303], [1.441537058482115, 43.608756444483866]]}";PL SAINT SERNIN;SERNIN (PL SAINT SERNIN);7683;7683;TOULOUSE;31555;315556400011;3105557984;61;Aire Pietonne;19/091;2019-06-20T02:00:00+02:00;2019;Centre;oui;oui;
43.6080325533,1.44217449212;"{""type"": ""LineString"", ""coordinates"": [[1.442489253519124, 43.608181334631524], [1.441937274669796, 43.60793209356389], [1.441932288997836, 43.607834260943015]]}";PL SAINT SERNIN;SERNIN (PL SAINT SERNIN);3249;3249;TOULOUSE;31555;315556400011;3105557984;63;Aire Pietonne;19/091;2019-06-20T02:00:00+02:00;2019;Centre;oui;oui;
43.6088037807,1.44280434157;"{""type"": ""LineString"", ""coordinates"": [[1.442661067940357, 43.6089435996994], [1.442696262607999, 43.608901483765564], [1.442784429332158, 43.608817293284844], [1.442885433861222, 43.60872085243386], [1.442965767787361, 43.608690174227604]]}";PL SAINT SERNIN;SERNIN (PL SAINT SERNIN);3251;3251;TOULOUSE;31555;315556400011;3105557984;38;Aire Pietonne;19/091;2019-06-20T02:00:00+02:00;2019;Centre;oui;oui;
43.6030518343,1.44347311687;"{""type"": ""LineString"", ""coordinates"": [[1.443504852842072, 43.60293192722695], [1.443441380894132, 43.603171741450886]]}";RUE SAINT ROME;ROME (RUE SAINT ROME);5132;5132;TOULOUSE;31555;315556387207;3105557972;27;Aire Pietonne;11/096;;2011;Centre;oui;oui;
43.604566528,1.45045061899;"{""type"": ""LineString"", ""coordinates"": [[1.450399983744345, 43.60442516073428], [1.450501254228644, 43.60470789525171]]}";IMP DE LA COLOMBETTE;COLOMBETTE (IMP DE LA COLOMBETTE);5444;5444;TOULOUSE;31555;315551865657;3105552184;32;Aire Pietonne;11/150;;2011;Centre;;;regulation arrête 2011/150
43.6006449478,1.44309991762;"{""type"": ""LineString"", ""coordinates"": [[1.44246649573348, 43.60054232577801], [1.442742979130167, 43.60059749057767], [1.443074059742333, 43.600657819295144], [1.443471893004989, 43.600695018683325], [1.443738660129544, 43.60070279684332]]}";RUE MALCOUSINAT;MALCOUSINAT (RUE MALCOUSINAT);1;1;TOULOUSE;31555;315554300811;3105555536;104;Aire Pietonne;11/001;;2011;Centre;;;
43.60200084,1.44265299399;"{""type"": ""LineString"", ""coordinates"": [[1.442716909221257, 43.60199282935922], [1.44258907875321, 43.60200885073454]]}";RUE BEDELIERES;BEDELIERES (RUE BEDELIERES);8104;8104;TOULOUSE;31555;315558413725;3105550973;10;Aire Pietonne;11/098;;2011;Centre;;;
43.601810916,1.44391926583;"{""type"": ""LineString"", ""coordinates"": [[1.443558412176255, 43.60178753076579], [1.444129470444416, 43.60182042543488], [1.444277386610211, 43.601853753547935]]}";RUE DU PUITS VERT;VERT (RUE DU PUITS VERT);5137;5137;TOULOUSE;31555;315555644831;3105557188;59;Aire Pietonne;11/100;;2011;Centre;;;
43.6023466116,1.44757892202;"{""type"": ""LineString"", ""coordinates"": [[1.447287017738357, 43.602322057865926], [1.447870826291798, 43.60237116541308]]}";PL SAINT GEORGES;GEORGES (PL SAINT GEORGES);4682;4682;TOULOUSE;31555;315556211216;3105557792;47;Aire Pietonne;11/111;;2011;Centre;;;
43.5685337898,1.4154562286;"{""type"": ""LineString"", ""coordinates"": [[1.413881707550893, 43.568516370260376], [1.414397573637576, 43.568817600213656], [1.414486928148945, 43.56884577113484], [1.414593546277163, 43.568851366517556], [1.414733120597931, 43.56882701253069], [1.414996119819907, 43.56873265576952], [1.415185196692818, 43.568706756787], [1.415626787687031, 43.56859113583265], [1.416030915113382, 43.568457237576084], [1.416354067580866, 43.568345328377674], [1.416655376750263, 43.5682134304017], [1.416780729970613, 43.568099961181204], [1.416958210238392, 43.56789703692238]]}";IMP MARTYRS DE BORDELONGUE;BORDELONGUE (IMP MARTYRS DE BORDELONGUE);3793;3793;TOULOUSE;31555;315558368804;3105555743;294;Aire Pietonne;10/xxx;;2010;Sud;;;
43.6017043651,1.44251369052;"{""type"": ""LineString"", ""coordinates"": [[1.442261176075247, 43.60156157911659], [1.442662708021336, 43.601786143147926], [1.442760611389592, 43.60185597912027]]}";RUE TRIPIERE;TRIPIERE (RUE TRIPIERE);4612;4612;TOULOUSE;31555;315556963233;3105558584;52;Aire Pietonne;11/097;;2011;Centre;oui;oui;
43.6019889308,1.44240319284;"{""type"": ""LineString"", ""coordinates"": [[1.442217306921704, 43.60196901088027], [1.44258907875321, 43.60200885073454]]}";RUE DU MAY;MAY (RUE DU MAY);4610;4610;TOULOUSE;31555;315554528018;3105555836;30;Aire Pietonne;11/099;;2011;Centre;oui;oui;
43.5995894106,1.44492913184;"{""type"": ""LineString"", ""coordinates"": [[1.444498206333191, 43.599709617745795], [1.44526172682598, 43.599494237232285], [1.445363340565297, 43.59948936536748]]}";RUE DE LA TRINITE;TRINITE (RUE DE LA TRINITE);5270;5270;TOULOUSE;31555;315556956836;3105558580;74;Aire Pietonne;11/094;;2011;Centre;oui;oui;
43.5999892416,1.44318620836;"{""type"": ""LineString"", ""coordinates"": [[1.44258370101006, 43.6001070293317], [1.442692944378136, 43.60002747095386], [1.443811397323016, 43.599932228734744]]}";RUE DES MARCHANDS;MARCHANDS (RUE DES MARCHANDS);4829;4829;TOULOUSE;31555;315554358434;3105555628;103;Aire Pietonne;11/027;;2011;Centre;oui;oui;modif arrete  en 2011
43.6019765525,1.44564131395;"{""type"": ""LineString"", ""coordinates"": [[1.445645368015829, 43.60144249288033], [1.445637259886944, 43.60251061203795]]}";RUE D ALSACE LORRAINE;LORRAINE (RUE D ALSACE LORRAINE);4661;4661;TOULOUSE;31555;315550118429;3105550224;119;Aire Pietonne;13/107;;2010;Centre;oui;oui;
43.6058572951,1.44344876174;"{""type"": ""LineString"", ""coordinates"": [[1.442619161049971, 43.60582950338027], [1.443000214477609, 43.60585900585756], [1.443658581940557, 43.60588973838025], [1.444275697430528, 43.60580471799456]]}";RUE DU SENECHAL;SENECHAL (RUE DU SENECHAL);3310;3310;TOULOUSE;31555;315556585643;3105558216;135;Aire Pietonne;11/116;2011-05-20T02:00:00+02:00;2011;Centre;oui;oui;
43.5991723564,1.44403167682;"{""type"": ""LineString"", ""coordinates"": [[1.444152242788707, 43.59872765565578], [1.443911110854428, 43.599617057096054]]}";RUE DES FILATIERS;FILATIERS (RUE DES FILATIERS);4828;4828;TOULOUSE;31555;315552800001;3105553300;101;Aire Pietonne;11/114;2011-05-26T02:00:00+02:00;2011;Centre;oui;oui;
43.6014645815,1.4429246695;"{""type"": ""LineString"", ""coordinates"": [[1.442228293181882, 43.60141083253991], [1.443621045819543, 43.60151833040135]]}";RUE TEMPONIERES;TEMPONIERES (RUE TEMPONIERES);2;2;TOULOUSE;31555;315556812860;3105558428;113;Aire Pietonne;11/167;2011-07-11T02:00:00+02:00;2011;Centre;oui;oui;
43.6015003109,1.44385565889;"{""type"": ""LineString"", ""coordinates"": [[1.443621045819543, 43.60151833040135], [1.444090271963129, 43.60148229141127]]}";RUE PEYRAS;PEYRAS (RUE PEYRAS);4653;4653;TOULOUSE;31555;315555353645;3105556804;38;Aire Pietonne;11/168;2011-07-11T02:00:00+02:00;2011;Centre;oui;oui;
43.6626037779,1.39259819373;"{""type"": ""LineString"", ""coordinates"": [[1.391779815040784, 43.6622730540872], [1.393083516684742, 43.662823623822376], [1.393302199720627, 43.662836707180105], [1.39343176121805, 43.66279190151624]]}";CHE DE CLOUTOS;CLOUTOS (CHE DE CLOUTOS);27060;2706;BEAUZELLE;31056;310560000025;3100560028;151;Aire Pietonne;;;2012;Ouest;oui;oui;
43.6622190628,1.39156058902;"{""type"": ""LineString"", ""coordinates"": [[1.391341363003779, 43.66216507147392], [1.391779815040784, 43.6622730540872]]}";CHE DE CLOUTOS;CLOUTOS (CHE DE CLOUTOS);12431;1243;BEAUZELLE;31056;310560000025;3100560028;37;Aire Pietonne;;;2012;Ouest;;;
43.6559798871,1.39441400109;"{""type"": ""LineString"", ""coordinates"": [[1.393570536400713, 43.65551726758157], [1.393881724972212, 43.65569612433922], [1.395261742087326, 43.65643479927802]]}";CHE DU MOULIN DE NAUDIN;NAUDIN (CHE DU MOULIN DE NAUDIN);33112;3311;BLAGNAC;31069;310690000278;3100690711;170;Aire Pietonne;;;2012;Ouest;oui;oui;
43.603885455,1.4436104174;"{""type"": ""LineString"", ""coordinates"": [[1.443922386889348, 43.60391913819435], [1.443298447917599, 43.603851771834805]]}";PL DU CAPITOLE;CAPITOLE (PL DU CAPITOLE);4903;4903;TOULOUSE;31555;315551420803;3105551676;51;Aire Pietonne;13/106;2013-07-11T02:00:00+02:00;2013;Centre;oui;oui;
43.6048245341,1.44277677605;"{""type"": ""LineString"", ""coordinates"": [[1.442726721536866, 43.60481988075809], [1.44282683057064, 43.60482918744366]]}";PL DU CAPITOLE;CAPITOLE (PL DU CAPITOLE);4874;4874;TOULOUSE;31555;315551420803;3105551676;8;Aire Pietonne;13/106;2013-07-11T02:00:00+02:00;2013;Centre;;;
43.6053781409,1.44399172389;"{""type"": ""LineString"", ""coordinates"": [[1.443707750343377, 43.604951563739405], [1.444275697430528, 43.60580471799456]]}";RUE DE REMUSAT;REMUSAT (RUE DE REMUSAT);4621;4621;TOULOUSE;31555;315555830453;3105557392;105;Aire Pietonne;13/112;2013-07-11T02:00:00+02:00;2013;Centre;oui;oui;
43.5932516024,1.44620749338;"{""type"": ""LineString"", ""coordinates"": [[1.445968782242646, 43.59319576685855], [1.446153206682855, 43.59322465053602], [1.44644063128918, 43.59332908912379]]}";ALL JULES GUESDE;GUESDE (ALL JULES GUESDE);8127;8127;TOULOUSE;31555;315553363223;3105554812;41;Aire Pietonne;13/227;2013-12-27T01:00:00+01:00;2013;Centre;oui;oui;
43.5947392119,1.45041087349;"{""type"": ""LineString"", ""coordinates"": [[1.449237699893296, 43.594318934144894], [1.451584047089589, 43.59515948975196]]}";ALL JULES GUESDE;GUESDE (ALL JULES GUESDE);5261;5261;TOULOUSE;31555;315553363223;3105554812;211;Aire Pietonne;13/227;2013-12-27T01:00:00+01:00;2013;Centre;;;
43.6029798274,1.44496756109;"{""type"": ""LineString"", ""coordinates"": [[1.444824423965285, 43.602974444876054], [1.445110698213905, 43.60298520988848]]}";PL ROGER SALENGRO;SALENGRO (PL ROGER SALENGRO);4969;4969;TOULOUSE;31555;315556438433;3105557572;23;Aire Pietonne;15/073;2015-06-08T02:00:00+02:00;2015;Centre;oui;oui;
43.6100290739,1.44210254884;"{""type"": ""LineString"", ""coordinates"": [[1.441631328659911, 43.61006319818455], [1.442573769016067, 43.60999494958144]]}";RUE SAINT CHARLES;CHARLES (RUE SAINT CHARLES);3241;3241;Toulouse;31555;315556163224;3105557728;76;Aire Pietonne;17/196;2017-10-27T02:00:00+02:00;2017;Centre;oui;oui;
43.6099650806,1.44047067034;"{""type"": ""LineString"", ""coordinates"": [[1.440492542276842, 43.60976561830916], [1.440448798410932, 43.61016454291925]]}";RUE GATIEN ARNOULT;ARNOULT (RUE GATIEN ARNOULT);3221;3221;Toulouse;31555;315553113632;3105553780;44;Aire Pietonne;17/196;2017-10-27T02:00:00+02:00;2017;Centre;oui;oui;
43.6105531058,1.44041106799;"{""type"": ""LineString"", ""coordinates"": [[1.440328290761696, 43.61021184486797], [1.440493845212805, 43.61089436677594]]}";RUE DE L HIRONDELLE;HIRONDELLE (RUE DE L HIRONDELLE);3229;3229;Toulouse;31555;315553459207;3105554236;77;Aire Pietonne;17/196;2017-10-27T02:00:00+02:00;2017;Centre;oui;oui;
43.6099116344,1.43915764098;"{""type"": ""LineString"", ""coordinates"": [[1.439156066775646, 43.60979950695936], [1.439159215191338, 43.610023761747996]]}";RUE ARNAUD BERNARD;BERNARD (RUE ARNAUD BERNARD);3240;3240;Toulouse;31555;315550284850;3105550524;25;Aire Pietonne;17/196;2017-10-27T02:00:00+02:00;2017;Centre;oui;oui;
43.6110616893,1.440535604;"{""type"": ""LineString"", ""coordinates"": [[1.440577362789534, 43.61122901182873], [1.440493845212805, 43.61089436677594]]}";RUE DE L HIRONDELLE;HIRONDELLE (RUE DE L HIRONDELLE);5317;5317;Toulouse;31555;315553459207;3105554236;38;Aire Pietonne;17/196;2017-10-27T02:00:00+02:00;2017;Centre;oui;oui;
43.6050051682,1.43835008143;"{""type"": ""LineString"", ""coordinates"": [[1.438810540343203, 43.60445870747823], [1.438765827805264, 43.60466176393923], [1.438755905348188, 43.60480171561144], [1.438798494316601, 43.60491370399024], [1.438204388014382, 43.605113353972186], [1.437591687956312, 43.605336506847436]]}";RUE DE LA BASTIDE;BASTIDE (RUE DE LA BASTIDE);3127;3127;Toulouse;31555;315550614448;3105550904;159;Aire Pietonne;18/122;2018-07-19T02:00:00+02:00;2018;Centre;oui;oui;
43.607650198,1.45670620377;"{""type"": ""LineString"", ""coordinates"": [[1.456888634600123, 43.60728664772427], [1.456726855762036, 43.607573957450654], [1.456596372734969, 43.60785773276525], [1.456593794305679, 43.60803368453489]]}";RUE GAZAN;GAZAN (RUE GAZAN);4211;4211;TOULOUSE;31555;315553139240;3105553800;87;Aire Pietonne;19/096;2019-06-28T02:00:00+02:00;2019;Est;;;
43.6042419007,1.44603105983;"{""type"": ""LineString"", ""coordinates"": [[1.445670929387358, 43.60426694580402], [1.445773414660266, 43.60429140583786], [1.446392225400809, 43.60417990325701]]}";RUE DU POIDS DE L HUILE;HUILE (RUE DU POIDS DE L HUILE);4693;4693;TOULOUSE;31555;315555456026;3105556972;60;Aire Pietonne;19/129;2019-09-11T02:00:00+02:00;2019;Centre;oui;oui;
